Guilford County Veteran Service Offices ,1203 Maple Street. Greensboro,3366414684,"Direct access to Veterans Benefits Management System (VBMS) Ability to assist Veterans while viewing their historic claims and any medical information used to make a decision on individual claims.  This is only for Veterans we have a Power of Attorney for all other we will have to contact the VA Regional Office.
Assistance in obtaining military records from the National Military Records Center
Assistance in obtaining official documents from the Register of Deeds, Vital Records and Clerk of Court.
Helping homeless Veterans with obtaining military paperwork, employment assistance, medical care and transportation.",https://www.guilfordcountync.gov/our-county/veteran-s-services
Greensboro Vet Center,3515 West Market Street. Greensboro,3363232660,Aids veterans with disabilities. health care. life insurance. education and training. pension. records. housing. careers and employment. family member benefits. burials. and memorials.,https://www.va.gov/directory/guide/facility.asp?ID=719
